﻿Number, Name, Location, eMail
2, Quintin, Wife, Savannah
2, Tim Woods, Wife, Savannah
2, Teo, Nick, Savannah
2, Tomasz, Nancy, Savannah
3, Simoni, Lauren, Kids, Savannah
2, Nicoleta, Felix, Kid, Savannah
2, Odette, Lithuanian, Savannah
2, Mickey, Wife, Savannah
2, Larry, Wife, Savannah
2, Loretta, Friend, Savannah
2, Bozena, Friend, Columbia
2, Elka, Tadek, Columbia
2, Lizette, Friend, Beufort
2, Sinaloa, Son, Beufort
2, Jasiu, Mary, Charleston
1, Brenda, Name, Charleston
2, Mona, O’Shaile, Columbia






TOTAL