Columna,Tipo_de_Dato
Cst_Cnt,Int64
Btl_Cnt,Int64
Sta_ID,String15
Depth_ID,String
Depthm,Int64
T_degC,"Union{Missing, Float64}"
Salnty,"Union{Missing, Float64}"
O2ml_L,"Union{Missing, Float64}"
STheta,"Union{Missing, Float64}"
O2Sat,"Union{Missing, Float64}"
Oxy_µmol/Kg,"Union{Missing, Float64}"
BtlNum,"Union{Missing, Int64}"
RecInd,Int64
T_prec,"Union{Missing, Int64}"
T_qual,"Union{Missing, Int64}"
S_prec,"Union{Missing, Int64}"
S_qual,"Union{Missing, Int64}"
P_qual,"Union{Missing, Int64}"
O_qual,"Union{Missing, Int64}"
SThtaq,"Union{Missing, Int64}"
O2Satq,"Union{Missing, Int64}"
ChlorA,"Union{Missing, Float64}"
Chlqua,"Union{Missing, Int64}"
Phaeop,"Union{Missing, Float64}"
Phaqua,"Union{Missing, Int64}"
PO4uM,"Union{Missing, Float64}"
PO4q,"Union{Missing, Int64}"
SiO3uM,"Union{Missing, Float64}"
SiO3qu,"Union{Missing, Int64}"
NO2uM,"Union{Missing, Float64}"
NO2q,"Union{Missing, Int64}"
NO3uM,"Union{Missing, Float64}"
NO3q,"Union{Missing, Int64}"
NH3uM,"Union{Missing, Float64}"
NH3q,"Union{Missing, Int64}"
C14As1,"Union{Missing, Float64}"
C14A1p,"Union{Missing, Int64}"
C14A1q,"Union{Missing, Int64}"
C14As2,"Union{Missing, Float64}"
C14A2p,"Union{Missing, Int64}"
C14A2q,"Union{Missing, Int64}"
DarkAs,"Union{Missing, Float64}"
DarkAp,"Union{Missing, Int64}"
DarkAq,"Union{Missing, Int64}"
MeanAs,"Union{Missing, Float64}"
MeanAp,"Union{Missing, Int64}"
MeanAq,"Union{Missing, Int64}"
IncTim,"Union{Missing, String31}"
LightP,"Union{Missing, Float64}"
R_Depth,Float64
R_TEMP,"Union{Missing, Float64}"
R_POTEMP,"Union{Missing, Float64}"
R_SALINITY,"Union{Missing, Float64}"
R_SIGMA,"Union{Missing, Float64}"
R_SVA,"Union{Missing, Float64}"
R_DYNHT,"Union{Missing, Float64}"
R_O2,"Union{Missing, Float64}"
R_O2Sat,"Union{Missing, Float64}"
R_SIO3,"Union{Missing, Float64}"
R_PO4,"Union{Missing, Float64}"
R_NO3,"Union{Missing, Float64}"
R_NO2,"Union{Missing, Float64}"
R_NH4,"Union{Missing, Float64}"
R_CHLA,"Union{Missing, Float64}"
R_PHAEO,"Union{Missing, Float64}"
R_PRES,Int64
R_SAMP,"Union{Missing, Int64}"
DIC1,"Union{Missing, Float64}"
DIC2,"Union{Missing, Float64}"
TA1,"Union{Missing, Float64}"
TA2,"Union{Missing, Float64}"
pH2,"Union{Missing, Float64}"
pH1,"Union{Missing, Float64}"
DIC Quality Comment,"Union{Missing, String}"
