Columna,Missing_Count
Cst_Cnt,0
Btl_Cnt,0
Sta_ID,0
Depth_ID,0
Depthm,0
T_degC,10963
Salnty,47354
O2ml_L,168662
STheta,52689
O2Sat,203589
Oxy_µmol/Kg,203595
BtlNum,746196
RecInd,0
T_prec,10963
T_qual,841736
S_prec,47354
S_qual,789949
P_qual,191108
O_qual,680187
SThtaq,799040
O2Satq,647066
ChlorA,639591
Chlqua,225697
Phaeop,639592
Phaqua,225693
PO4uM,451546
PO4q,413077
SiO3uM,510772
SiO3qu,353997
NO2uM,527287
NO2q,335389
NO3uM,527460
NO3q,334930
NH3uM,799901
NH3q,56564
C14As1,850431
C14A1p,852103
C14A1q,16258
C14As2,850449
C14A2p,852121
C14A2q,16240
DarkAs,842214
DarkAp,844406
DarkAq,24423
MeanAs,842213
MeanAp,844406
MeanAq,24424
IncTim,850426
LightP,846212
R_Depth,0
R_TEMP,10963
R_POTEMP,46047
R_SALINITY,47354
R_SIGMA,52856
R_SVA,52771
R_DYNHT,46657
R_O2,168662
R_O2Sat,198415
R_SIO3,510764
R_PO4,451538
R_NO3,527452
R_NO2,527279
R_NH4,799881
R_CHLA,639587
R_PHAEO,639588
R_PRES,0
R_SAMP,742857
DIC1,862864
DIC2,864639
TA1,862779
TA2,864629
pH2,864853
pH1,864779
DIC Quality Comment,864808
